Zone/Section,Shelf/Bin Label,Lane Code,Product
Bakery & Snacks,"Row K1, Position 01",K1-01,Buffin Muffin - Apple Pie-Ceps
Bakery & Snacks,"Row K1, Position 02",K1-02,Buffin Muffin - Apple Pie-Ceps
Bakery & Snacks,"Row K1, Position 03",K1-03,Buffin Muffin - Apple Pie-Ceps
Bakery & Snacks,"Row K1, Position 04",K1-04,Buffin Muffin - Banana Choc. Chip
Bakery & Snacks,"Row K1, Position 05",K1-05,Buffin Muffin - Banana Choc. Chip
Bakery & Snacks,"Row K1, Position 06",K1-06,Buffin Muffin - Banana Cream Protein Dream
Bakery & Snacks,"Row K1, Position 07",K1-07,Buffin Muffin - Banana Cream Protein Dream
Bakery & Snacks,"Row K1, Position 08",K1-08,Buffin Muffin - Blueberry
Bakery & Snacks,"Row K1, Position 09",K1-09,Buffin Muffin - Blueberry
Bakery & Snacks,"Row K1, Position 10",K1-10,Buffin Muffin - Boston Chocolate Creme
Bakery & Snacks,"Row K1, Position 11",K1-11,Buffin Muffin - Boston Chocolate Creme
Bakery & Snacks,"Row K1, Position 12",K1-12,Buffin Muffin - Buff Roll
Bakery & Snacks,"Row K1, Position 13",K1-13,Buffin Muffin - Buff Roll
Bakery & Snacks,"Row K1, Position 14",K1-14,Buffin Muffin - Buff Roll
Bakery & Snacks,"Row K1, Position 15",K1-15,Buffin Muffin - Buff Served
Bakery & Snacks,"Row K1, Position 16",K1-16,Buffin Muffin - Buffcoff
Bakery & Snacks,"Row K1, Position 17",K1-17,Buffin Muffin - Buffcoff
Bakery & Snacks,"Row K1, Position 18",K1-18,Buffin Muffin - ChocoLIT
Bakery & Snacks,"Row K1, Position 19",K1-19,Buffin Muffin - ChocoLIT
Bakery & Snacks,"Row K1, Position 20",K1-20,Buffin Muffin - Cinna Blast
Bakery & Snacks,"Row K1, Position 21",K1-21,Buffin Muffin - Cinna Blast
Bakery & Snacks,"Row K1, Position 22",K1-22,Buffin Muffin - Cookie Butter Tres Leches
Bakery & Snacks,"Row K1, Position 23",K1-23,Buffin Muffin - Cookie Butter Tres Leches
Bakery & Snacks,"Row K1, Position 24",K1-24,Buffin Muffin - Cookies and Cream Crunch
Bakery & Snacks,"Row K1, Position 25",K1-25,Buffin Muffin - Double Chocolate Brownie
Bakery & Snacks,"Row K1, Position 26",K1-26,Buffin Muffin - Double Chocolate Brownie
Bakery & Snacks,"Row K1, Position 27",K1-27,Buffin Muffin - German Chocolate Cake
Bakery & Snacks,"Row K1, Position 28",K1-28,Buffin Muffin - German Chocolate Cake
Bakery & Snacks,"Row K1, Position 29",K1-29,Buffin Muffin - Gluten Free Confetti Pop
Bakery & Snacks,"Row K1, Position 30",K1-30,Buffin Muffin - Gluten Free Cookies and Milk
Bakery & Snacks,"Row K1, Position 31",K1-31,Buffin Muffin - Gluten Free Cookies and Milk
Bakery & Snacks,"Row K1, Position 32",K1-32,Buffin Muffin - Strawberry Buff Blast
Bakery & Snacks,"Row K1, Position 33",K1-33,Buffin Muffin - Strawberry Buff Blast
Bakery & Snacks,"Row K1, Position 34",K1-34,Buffin Muffin - Strawberry Crunch Milkshake
Bakery & Snacks,"Row K1, Position 35",K1-35,Buffin Muffin - TwistBar
Bakery & Snacks,"Row K2, Position 01",K2-01,Buffin Muffin - TwistBar
Bakery & Snacks,"Row K2, Position 02",K2-02,Buffin Muffin - Welcome to the Sno
Bakery & Snacks,"Row K2, Position 03",K2-03,3 Banana Chocolate Protein Poppers
Bakery & Snacks,"Row K2, Position 04",K2-04,Overnight Oats - Banana Chocolate Chip
Bakery & Snacks,"Row K2, Position 05",K2-05,Overnight Oats - Blueberry Muffin
Bakery & Snacks,"Row K2, Position 06",K2-06,Overnight Oats - Cannoli
Bakery & Snacks,"Row K2, Position 07",K2-07,Buff Crisp Bar - Chocolate
Bakery & Snacks,"Row K2, Position 08",K2-08,Overnight Oats - Chocolate Peanut Butter
Bakery & Snacks,"Row K2, Position 09",K2-09,Buff Crisp Bar - Cinna Crunch
Bakery & Snacks,"Row K2, Position 10",K2-10,Overnight Oats - Cookie Creme
Bakery & Snacks,"Row K2, Position 11",K2-11,Overnight Oats - Cookie Dough
Bakery & Snacks,"Row K2, Position 12",K2-12,Cookies and Cream Crunch
Bakery & Snacks,"Row K2, Position 13",K2-13,Cookies and Cream Crunch
Bakery & Snacks,"Row K2, Position 14",K2-14,Cookies and Cream Crunch
Bakery & Snacks,"Row K2, Position 15",K2-15,Cookies and Cream Crunch - Exclusive- 20
Bakery & Snacks,"Row K2, Position 16",K2-16,Overnight Oats - Cookies n Cream
Bakery & Snacks,"Row K2, Position 17",K2-17,Overnight Oats - Dubai Chocolate
Bakery & Snacks,"Row K2, Position 18",K2-18,Overnight Oats - Fitella
Bakery & Snacks,"Row K2, Position 19",K2-19,Buff Crisp Bar - Fruity Cereal
Bakery & Snacks,"Row K2, Position 20",K2-20,Overnight Oats - Graham Fetti
Bakery & Snacks,"Row K2, Position 21",K2-21,Buff Crisp Bar - Original Recipe
Bakery & Snacks,"Row K2, Position 22",K2-22,Overnight Oats - Peanut Butter & Jelly
Bakery & Snacks,"Row K2, Position 23",K2-23,Overnight Oats - Peanut Butter Brownie
Bakery & Snacks,"Row K2, Position 24",K2-24,Peanut Butter Chocolate Gree-Yo
Bakery & Snacks,"Row K2, Position 25",K2-25,Peanut Butter Energy Bites
Bakery & Snacks,"Row K2, Position 26",K2-26,Protein Chocolate Pudding
Bakery & Snacks,"Row K2, Position 27",K2-27,S'Mores Gree-Yo
Bakery & Snacks,"Row K2, Position 28",K2-28,Overnight Oats - Toast n' Crunch
Bakery & Snacks,"Row K2, Position 29",K2-29,(empty)
Bakery & Snacks,"Row K2, Position 30",K2-30,(empty)
Bakery & Snacks,"Row K2, Position 31",K2-31,(empty)
Bakery & Snacks,"Row K2, Position 32",K2-32,(empty)
Bakery & Snacks,"Row K2, Position 33",K2-33,(empty)
Bakery & Snacks,"Row K2, Position 34",K2-34,(empty)
Bakery & Snacks,"Row K2, Position 35",K2-35,(empty)
Bakery & Snacks,"Row K3, Position 01",K3-01,(empty)
Bakery & Snacks,"Row K3, Position 02",K3-02,(empty)
Bakery & Snacks,"Row K3, Position 03",K3-03,(empty)
Bakery & Snacks,"Row K3, Position 04",K3-04,(empty)
Bakery & Snacks,"Row K3, Position 05",K3-05,(empty)
Bakery & Snacks,"Row K3, Position 06",K3-06,(empty)
Bakery & Snacks,"Row K3, Position 07",K3-07,(empty)
Bakery & Snacks,"Row K3, Position 08",K3-08,(empty)
Bakery & Snacks,"Row K3, Position 09",K3-09,(empty)
Bakery & Snacks,"Row K3, Position 10",K3-10,(empty)
Bakery & Snacks,"Row K3, Position 11",K3-11,(empty)
Bakery & Snacks,"Row K3, Position 12",K3-12,(empty)
Bakery & Snacks,"Row K3, Position 13",K3-13,(empty)
Bakery & Snacks,"Row K3, Position 14",K3-14,(empty)
Bakery & Snacks,"Row K3, Position 15",K3-15,(empty)
Bakery & Snacks,"Row K3, Position 16",K3-16,(empty)
Bakery & Snacks,"Row K3, Position 17",K3-17,(empty)
Bakery & Snacks,"Row K3, Position 18",K3-18,(empty)
Bakery & Snacks,"Row K3, Position 19",K3-19,(empty)
Bakery & Snacks,"Row K3, Position 20",K3-20,(empty)
Bakery & Snacks,"Row K3, Position 21",K3-21,(empty)
Bakery & Snacks,"Row K3, Position 22",K3-22,(empty)
Bakery & Snacks,"Row K3, Position 23",K3-23,(empty)
Bakery & Snacks,"Row K3, Position 24",K3-24,(empty)
Bakery & Snacks,"Row K3, Position 25",K3-25,(empty)
Bakery & Snacks,"Row K3, Position 26",K3-26,(empty)
Bakery & Snacks,"Row K3, Position 27",K3-27,(empty)
Bakery & Snacks,"Row K3, Position 28",K3-28,(empty)
Bakery & Snacks,"Row K3, Position 29",K3-29,(empty)
Bakery & Snacks,"Row K3, Position 30",K3-30,(empty)
Bakery & Snacks,"Row K3, Position 31",K3-31,(empty)
Bakery & Snacks,"Row K3, Position 32",K3-32,(empty)
Bakery & Snacks,"Row K3, Position 33",K3-33,(empty)
Bakery & Snacks,"Row K3, Position 34",K3-34,(empty)
Bakery & Snacks,"Row K3, Position 35",K3-35,(empty)
Meals,"Row M1, Position 01",M1-01,6-Guys Patty Melt
Meals,"Row M1, Position 02",M1-02,Arnold 2022 Bowl
Meals,"Row M1, Position 03",M1-03,Baja Chicken Tacos
Meals,"Row M1, Position 04",M1-04,Baked Herbed Tilapia (1lb Competition Approved)
Meals,"Row M1, Position 05",M1-05,BBQ Chicken Garlic Parm Potatoes
Meals,"Row M1, Position 06",M1-06,BBQ Chicken Garlic Parm Potatoes
Meals,"Row M1, Position 07",M1-07,BBQ Chicken Mac Bowl
Meals,"Row M1, Position 08",M1-08,BBQ Meltdown
Meals,"Row M1, Position 09",M1-09,Blueberry French Toast
Meals,"Row M1, Position 10",M1-10,Breakfast Burrito
Meals,"Row M1, Position 11",M1-11,Brookfield Chicken Bowl
Meals,"Row M1, Position 12",M1-12,Broritto Burrito
Meals,"Row M1, Position 13",M1-13,Broritto Burrito
Meals,"Row M1, Position 14",M1-14,Buffalo Chicken Meatballs
Meals,"Row M1, Position 15",M1-15,Buffalo Chicken Quesadilla
Meals,"Row M1, Position 16",M1-16,Buffalo Crispy Chicken Wrap
Meals,"Row M1, Position 17",M1-17,Buffalo Mac N Chicken
Meals,"Row M1, Position 18",M1-18,Chicken Mushroom Pot Stickers
Meals,"Row M1, Position 19",M1-19,Chicken Stir Fry
Meals,"Row M1, Position 20",M1-20,Chicken Taco Bowl
Meals,"Row M1, Position 21",M1-21,Chipotle Chicken (1lb Competition Approved)
Meals,"Row M1, Position 22",M1-22,Cinnamon Roll Pancakes
Meals,"Row M1, Position 23",M1-23,Closed on Sunday Crispy Chicken Bowl
Meals,"Row M1, Position 24",M1-24,Club Wrap
Meals,"Row M1, Position 25",M1-25,Competition Approved 90/10 Lean Ground Beef (1lb)
Meals,"Row M1, Position 26",M1-26,Competition Approved Baked Sweet Potato Fries (1lb)
Meals,"Row M1, Position 27",M1-27,Competition Approved Chicken Kebab (1lb)
Meals,"Row M2, Position 01",M2-01,Competition Approved Grilled Chicken (1lb)
Meals,"Row M2, Position 02",M2-02,Competition Approved Grilled Chicken W/ Smokin Poppie Sauce (1lb)
Meals,"Row M2, Position 03",M2-03,Competition Approved Grilled Flank Steak (1lb)
Meals,"Row M2, Position 04",M2-04,Competition Approved Lemon Pepper Salmon (1lb)
Meals,"Row M2, Position 05",M2-05,Competition Approved Oven Baked Cod (1lb)
Meals,"Row M2, Position 06",M2-06,Competition Approved Sticky Rice (1lb)
Meals,"Row M2, Position 07",M2-07,Competition Approved White Basmati Rice (1lb)
Meals,"Row M2, Position 08",M2-08,Crispy Baked Chicken Wrap
Meals,"Row M2, Position 09",M2-09,Crispy Baked Chicken Wrap
Meals,"Row M2, Position 10",M2-10,Crispy Vegan Wrap
Meals,"Row M2, Position 11",M2-11,Farfalle & Chicken Alfredo
Meals,"Row M2, Position 12",M2-12,Fit Ala Vodka With Chicken
Meals,"Row M2, Position 13",M2-13,Fit-Fil-A
Meals,"Row M2, Position 14",M2-14,GLORIOUS GAINS Steak Bites & Cilantro Lime Rice
Meals,"Row M2, Position 15",M2-15,Gluten Free Carbonara Chicken
Meals,"Row M2, Position 16",M2-16,Grilled Chicken Parmesan Wrap
Meals,"Row M2, Position 17",M2-17,Grilled Chicken Pesto Wrap
Meals,"Row M2, Position 18",M2-18,Herb Butter Steak Tips Bowl
Meals,"Row M2, Position 19",M2-19,Hey Arnold! Burrito
Meals,"Row M2, Position 20",M2-20,HFit Signature Fold
Meals,"Row M2, Position 21",M2-21,Honey Garlic Crispy Chicken Tacos
Meals,"Row M2, Position 22",M2-22,Hot Honey Steak & Mac
Meals,"Row M2, Position 23",M2-23,Keto Ricotta Meatballs
Meals,"Row M2, Position 24",M2-24,Lo Mein Teriyaki Steak
Meals,"Row M2, Position 25",M2-25,Low Carb Keto Cheeseburger Bowl
Meals,"Row M2, Position 26",M2-26,Meatball Parmesan Wrap
Meals,"Row M2, Position 27",M2-27,MsWendy Buff Nuggets
Meals,"Row M3, Position 01",M3-01,Nacho Average Bowl
Meals,"Row M3, Position 02",M3-02,Nacho Average Vegan Bowl
Meals,"Row M3, Position 03",M3-03,Peanut Butter & Jelly Sandwich
Meals,"Row M3, Position 04",M3-04,Philly Cheesesteak Quesadilla
Meals,"Row M3, Position 05",M3-05,Pineapple Teriyaki Meatballs
Meals,"Row M3, Position 06",M3-06,Rigatoni & Meatballs
Meals,"Row M3, Position 07",M3-07,Soho Steak Bowl
Meals,"Row M3, Position 08",M3-08,Southwest Chicken Bowl
Meals,"Row M3, Position 09",M3-09,Southwest Chicken Quesadilla
Meals,"Row M3, Position 10",M3-10,Spicy Buffalo Wrap
Meals,"Row M3, Position 11",M3-11,Stacked and Jacked
Meals,"Row M3, Position 12",M3-12,Strawberry Protein French Toast
Meals,"Row M3, Position 13",M3-13,Strongsville Chicken Ranch Fold
Meals,"Row M3, Position 14",M3-14,Taco Build Quesadilla
Meals,"Row M3, Position 15",M3-15,Teriyaki Flank Bowl
Meals,"Row M3, Position 16",M3-16,Texas Queso Steak Bowl
Meals,"Row M3, Position 17",M3-17,TexMex Potato Hash
Meals,"Row M3, Position 18",M3-18,Thai Chili Chicken
Meals,"Row M3, Position 19",M3-19,The Arches Mac Daddy Wrap
Meals,"Row M3, Position 20",M3-20,The Clean Bulk Pasta Bowl
Meals,"Row M3, Position 21",M3-21,Turkey Bacon Cheddar Egg Muffins
Meals,"Row M3, Position 22",M3-22,Vegan Breakfast Sandwich
Meals,"Row M3, Position 23",M3-23,Vegan Cheeseburger Bowl
Meals,"Row M3, Position 24",M3-24,Vegan Chorizo Quesadilla
Meals,"Row M3, Position 25",M3-25,West Coast Secret Sauce Bowl
Meals,"Row M3, Position 26",M3-26,Zeus Bowl
Meals,"Row M3, Position 27",M3-27,Zeus Bowl V2
